stock_id,weight
600875,0.3333333333333333
300394,0.3333333333333333
600893,0.3333333333333333
