stock_id,weight
600438,0.3333333333333333
600875,0.3333333333333333
300394,0.3333333333333333
